m1,m2,m3,resp_special
O1,C2,C1,ACET
O1,C1,C2,PROA
H11,N1,C,GUAN
H11,N1,C,MGUA
N,CA,C,GLYN
HE3,CE,NZ,MAMM
H11,C1,CE,EAMM
O2,C1,C2,ACEH
HG1,OG,CB,MEOH
HB2,OG,CB,METO
O1,C1,C2,ETOH
CB,CA,HA1,ETO
C1,C2,C3,PRO2
O,C,N,FORM
HC1,CC,C,ACEM
HC1,CC,C,PRAM
O,C,N,NMA
CLP,NL,CA,AANM
H1,CM,S,MESH
BLNK,H11,C1,MES1
H1,CM1,CM2,ETSH
BLNK,H11,C1,ES1
H1,CM1,S2,DMDS
CM0,CM1,S2,DEDS
H1,CM1,CM2,EMS
HG,CG,ND1,IMIA
CB,CG,ND1,MIMI
CB,CG,ND1,EIMI
HG,CG,ND1,IMIM
CA,CB,CG,EIMM
CG,CD1,CE1,BENZ
CG,CD1,CE1,EBEN
CG,CD1,CE1,PHEN
CG,CD1,CE1,EPHE
CG,CD1,CE1,PHEO
OY,CY,N,APNH
CAY,CY,N,PDIP
N,CA,C,PNH2
H11,C1,C2,ETHA
C1,C2,C3,PRPA
C1,C2,C3,BUTA
C2,CT,C1,IBUT
H11,C1,C2,PENT
H11,C1,C2,OCOH
C1,C2,C3,C3
O,C,CB,AALD
O,C,CB,PALD
O,C,CB,CALD
O,C,CG,BALD
H13,C1,C2,FETH
H13,C1,C2,DFET
H13,C1,C2,TFET
HO1,O1,C1,TFE
N1,C2,C3,PYR1
CG,CD1,CE1,4AP2
CG,CD1,CE1,3APY
CG,CD1,CE1,34AP
CG,CD1,CE1,3CPY
CG,CD1,CE1,3CB
CG,CD1,CE1,3FLP
CG,CD1,CE1,3ALP
CG,CD1,CE1,3HOP
CG,CD1,CE1,3MEP
CG,CD1,CE1,3ETP
CG,CD1,CE1,3BPY
CG,CD1,CE1,3CYP
CG,CD1,CE1,3ACP
CG,CD1,CE1,3NAP
CG,CD1,CE1,3CAP
CG,CD1,CE1,3PHP
CG,CD1,CE1,3BNP
C1,C2,C3,CLOL
O1,C1,C2,CLNS
C1,C2,C3,CLM1
C1,C,OM,MAS
C1,C,OM,ETAC
C1,C,OM,MPRO
OS4,S,OS2,MSO4
C1,C2,C3,HEXA
H11,C1,C2,ETHE
H11,C1,C2,PRPE
C1,C2,C3,BTE1
C1,C2,C3,BTE2
H11,C1,C2,DIPE
H11,C1,C2,DIHE
C1,C2,C3,HXE2
C2,N,C1,NC4
C4,N,C1,NC5
C4,N,C1,CHOL
C4,N,C1,ACHO
C4,N,C1,PC
O2,CG1,CG2,GPC
C4,N,C1,TEA
N,C1,C5,ETAM
C1,C2,C3,GLYC
CP1,OP1,P1,AAPM
C1,C2,C3,MBUT
C1,C2,C3,DFT
C1,C2,C3,DFB
H11,C1,O2,BPET
O4',C1',C2',ABNS
O3,P1,N1,PHA
C4',O4',C1',TPHC
C1',C2',C3',THNI
C4',O4',C1',THNP
C1,C2,C3,CPEN
C1,C2,C3,CPES
C1,C2,C3,BPNP
C1,C2,C3,BPSP
C1S,C2S,C3S,CSAD
C1S,C2S,C3S,CSGU
C1S,C2S,C3S,CSTH
C1S,C2S,C3S,CSCY
C1S,C2S,C3S,CNAD
C1S,C2S,C3S,CNGU
C1S,C2S,C3S,CNTH
C1S,C2S,C3S,CNT1
C1S,C2S,C3S,CNT2
C1S,C2S,C3S,CNT3
C1S,C2S,C3S,CNCY
C1,C2,C3,B5NP
C1,C2,C3,B5SP
O3,P1,O1,DMEP
H11,C1,O1,MP_0
P1,O1,C1,MP_1
P1,O1,C1,MP_2
C1',O4',C4',THF
C4',O4',C1',THFM
C4',O4',C1',THFO
C1',C2',C3',THFI
C1',C2',C3',THMI
C4',O4',C1',THFC
C4',O4',C1',TH5P
C4',O4',C1',TH5H
C4',O4',C1',T5PH
C4',O4',C1',TH3P
C4',O4',C1',T3PH
C4',O4',C1',R3PH
C4',O4',C1',A3PH
C4',O4',C1',T3PM
C4',O4',C1',TM3P
C4',O4',C1',RM3P
C4',O4',C1',T2FU
C1',C2',C3',TMFU
C4',O4',C1',T2FD
C1',C2',C3',TMFD
C1',C2',C3',ARMO
C1',C2',C3',THFA
C4',O4',C1',ARAO
C1',C2',C3',ARIM
C4',O4',C1',AR3P
C4',O4',C1',RIBO
C4',O4',C1',TMPM
C1',C2',C3',TADE
C3',C2',C1',TCYT
C1',C2',C3',TGUA
C1',C2',C3',TTHY
C1',C2',C3',TURA
C1',C2',C3',THAO
C1',C2',C3',NUSA
C1',C2',C3',NUSG
C1',C2',C3',NUSC
C1',C2',C3',NUST
C1',C2',C3',NUSU
C1',C2',C3',RNUS
C1',C2',C3',RNUA
C1',C2',C3',RNUG
C1',C2',C3',RNUC
C4',O4',C1',NUCL
C4',O4',C1',NADE
C4',O4',C1',NTHY
N2,C3,C5,NIC
C10,C9,C7,NICH
C1,O11,P1,PPI1
C1,O11,P1,PPI2
O3A,PA,O5',AMP
PA,O3A,PB,ADP
PA,O3A,PB,ATP
AP,O3,NP,NAD
AP,O3,NP,NADH
AP,O3,NP,NADP
AP,O3,NP,NDPH
HC1,C1,N1,MAM1
C1,N1,C2,DMAM
C2,N1,C1,TMAM
CD2,CG,CD1,PPH1
CD2,CG,CD1,BMPH
CE1,CZ,CH,BMPD
CD2,CG,CD1,BDFP
CD2,CG,CD1,BDFD
C1,O1,P1,EP_2
C1,O1,P1,IP_2
C5',C4',C3',SAH
CG,CD1,NE1,INDO
CB,CG,CD1,MIND
CA,CB,CG,EIND
CG2,CG1,CD1,BFL
CG2,CG1,CD1,BF6
CG2,CG1,CD1,BF7
CG2,CG1,CD1,BCA
O,CG1,CD1,C36
O,CG1,CD1,C37
O,CG1,CD1,C3C
C1,C2,C3,HEX3
C1,C2,C3,13DB
C1,C2,C3,13DP
C1,C2,C3,DMB1
C1,C2,C3,DMP1
C1,C2,C3,DMP2
C12,C13,C14,CROT
C14,C15,N21,PACP
C1,C2,C3,MECH
C1,C2,C3,TMCH
C1,C2,C3,FRET
C1,C2,C3,RTOL
C1,C2,C3,RTAL
C1,C2,C3,RTAC
C1,C2,CG,PRAC
C1,C2,C3,PROL
C1,C2,CG,PRAL
C1,N2,C3,SCH1
C1,N2,C3,SCH2
C1,N2,C3,SCH3
C16,N1,C12,PIP1
C16,N1,C12,PIP2
C14,C15,C16,PIP3
C6,C1,C2,FLUB
O2,C2,N1,UREA
C6,O1,C2,PY01
C6,O1,C2,PY02
C6,C1,C2,NITB
N5,C1,C2,PYRL
O5,C1,C2,FURA
S5,C1,C2,THIP
O5,C1,C2,OXAZ
C1,C2,C3,ISOX
C1,C2,N3,THAZ
S5,C1,C2,ISOT
C1,C2,C3,PYRZ
C1,C2,N3,OXAD
N5,C1,C2,TRZ3
N1,N2,C3,PYRD
N1,C2,C3,PYZN
N1,C2,N3,PYRM
N1,C2,N3,TRIA
C6,N1,N2,TRIB
C6,O1,C2,THP
O1,C2,C3,DIOX
C6,O1,C2,DIXB
C6,N1,C2,PIP
S1,C2,C3,THPS
S1,C2,C3,DITH
S1,C2,S3,TRIT
O1,C2,C3,MORP
S1,C2,C3,TMOR
N3,C,N1,MGU1
N3,C,N1,MGU2
C1,C2,N3,HDZ1
CG,CD1,NE1,HDZ2
C9,C1,C2,INDZ
CG,ND1,CE1,ISOI
C3,N2,N1,INDA
N3,C2,N1,ZIMI
C2,C3,C4,2HPR
N1,C2,C3,2PRL
N1,N2,C3,2PRZ
N1,C2,N3,2IMI
C2,C3,C4,PRLD
C2,C3,C4,3PRL
C2,C3,C4,PRLP
C2,C3,C4,3PRP
N1,C2,C3,2PRP
N1,C2,N3,2IMP
C2,C3,C4,2HPP
C12,C11,C9,BAM1
C1,C2,C3,CA
C1,C2,C3,DCA
C1,C2,C3,LCA
C1,C2,C3,CDCA
C1,C2,C3,UDCA
C1,C2,C3,GA
C1,C2,C3,BAB1
CG,CD1,CE1,FBIB
C5,N1,C2,2PDO
C1,O2,C3,DMEE
C4,O3,C2,METE
C1,C2,O3,DETE
C1,O2,C3,DME
O2,C3,C4,MPRE
O2,C3,C4,MBUE
C2,O3,C4,EPRE
-O1,-C2,C1,PEGM
C2,C1,C3,ACO
O,C,N,IPAA
C2,C1,OM,AMOP
HA1,CA1,CA2,CUME
O1,S,CA1,BSAT
CM,CG,NT,2MPA
C6,N1,C2,BPIP
CG,CD1,CE1,2AMP
CG,CD1,CE1,3AMP
N,C,CM,2AMF
C1,C2,C3,GABD
CG,CD1,CE1,MEOB
CG,CD1,CE1,ETOB
N3,C2,C1,ACN
C3,C4,C5,3HPR
N1,C2,C3,3HIN
N1,C2,C3,INDI
O1,C2,C3,ZFUR
S1,C2,C3,ZTHP
S1,C2,N3,ZTHZ
N7,C8,N9,PUR9
N7,C8,N9,PUR7
C1,C2,C3,CPDE
C9,C4,C3,INDE
C5,C13,C1,CRBZ
C5,C13,C1,FLRN
C5,C10,C1,NAFT
C5,C10,N1,QINL
C5,C10,C1,IQIN
C5,C10,N1,CINL
C5,C10,C1,FTAZ
C5,C10,N1,QINZ
C5,C10,N1,QINX
C5,C10,N1,18NFD
C5,C10,N1,PTID
C5,C14,C1,ANTR
C5,C14,C1,ACRD
C5,C14,C1,FENZ
C5,C14,C1,FEOZ
C5,C14,C1,FETZ
C4,C5,O1,DIOL
C2,N3,C4,IMDP
N2,C3,C4,PRZP
C6,N1,C2,QINU
C6,C1,C2,NORB
C1,C2,C3,ADAM
C4,C10,C1,AZUL
C2,C1,OM,AMOL
C1,C2,C3,CHXE
O1,C2,C3,2DHF
C4,N9,C8,9MAD
C2,N1,C6,1MTH
C1,C2,C3,PROH
C1,C2,C3,PRSH
C2,C3,C4,2BOH
C2,C,C1,NEOP
C1,C2,C3,MCPE
C4',O4',C1',DMTF
CG,CD1,CE1,TOLU
CG,CD1,CE1,BBEN
CG,CD1,CE1,OXYL
CG,CD1,CE1,MXYL
CG,CD1,CE1,PXYL
CG,CD1,CE1,PSCU
CG,CD1,CE1,PCRO
C6,C1,C2,PNPO
CG,CD1,CE1,34MP
CG,CD1,CE1,4MEP
C5,C10,C1,23MN
C5,C10,C1,14MN
H11,N1,N2,HDZN
CL11,C1,C2,CLET
CL11,C1,C2,DCLE
CL11,C1,C2,TCLE
BR11,C1,C2,BRET
BR11,C1,C2,DBRE
BR11,C1,C2,TBRE
C8,C9,N1,CYIN
CG,CD1,CE1,PHHZ
C1',O4',C4',THF2
C3,C1,C9,AMCP
C2,C1,C3,BTON
C1,C2,C3,CHON
S1,C,S2,DMTT
C1,N2,C3,DMCB
C1,C2,N3,DECB
O2,C,O1,FORH
O,C,N,DMA
O,C,N,DMF
C1,C2,C3,HEXD
C1,C,C2,TBOH
C2,N,C1,TMAOP
C5,C4,N3,MRDN
C6,C14,C9,MEOI
C5,C4,N3,OIRD
C1,C2,C3,BAB2
CG,CD1,CE1,STYR
O1,C,O2,DMCA
C1,C2,O1,DECA
N1,C2,N3,URAC
N1,C2,C3,2PYO
C1,O4,C4,RSRF
C1,N2,C3,OXD4
C1,N2,C3,TRZ4
C1,C2,N3,HDZ1B
P3,O3,P4,METP
CG,CD1,CE1,4CYT
C2,N,C1,TMAO
H11,C1,C2,PHMK
H11,C1,C2,PHEK
H11,C1,C2,BEON
N,C,C1,DMPR
C3,S2,C7,DMSO
C2,S,C3,MESO
N6,C1,C2,AMDN
C1,C3,C5,BAMI
C10,C4,C1,PNTM
C5,C4,N3,MHYO
C5,C4,N3,OIHY
C1,C2,O3,MOET
C2,C1,O1,MOBU
CG,CD1,CE1,BSAM
C3,S1,N2,MSAM
C3,S1,N2,MMSM
C3,S1,N2,EESM
CG,CD1,CE1,MBSM
C3,S1,N2,PMSM
CG,CD1,CE1,PBSM
O5,S1,C2,MMST
H13,C1,S,MSNA
C2,C1,S,ESNA
C2,C1,S,PSNA
C4,S,C3,DMSN
C4,S,C3,MESN
C5,C4,N3,MTDO
C1,C3,C4,ZDOL
C1,C4,N6,AMET
C1,C2,C3,DMOP
C1,C2,C3,DMBU
O21,N2,C1,NIME
C1,C2,C3,NIPR
C1,C2,C3,CBU
N1,C2,C3,AZDO
C1,C2,C3,ZOIC
C1,C2,C3,MBOA
C1,C2,C3,1BOX
O3,S1,C2,PMST
O3,S1,N2,MSMT
O3,S1,N2,PSMT
C5,C10,S1,OBTZ
CS,S1,N2,AOBT
C1,C2,C3,2BTY
C1,C2,C3,PRPY
C1,C2,C3,CYPE
N1,C8,C7,13BPO
N1,N6,C7,11BPO
C4,C8,C7,33BPO
N1,N2,N3,TRZ2
N1,C2,C3,22BPY
N1,N2,N3,ETRZ
C5,C4,C3,YTHY
C5,C10,O1,RIN
C5,C4,C3,YTS2
C5,C4,C3,YT4S
C5,C4,C3,YT2S
C5,C4,C3,TC243C
C1,C22,C32,4PYO
C4,C5,C6,1PH4PO
C5,C4,C3,21QU
C4,C5,C6,1PH2PO
C4,N5,C6,3PHURA
C4,N3,C2,URA2S
C4,N5,C6,3PH2SR
C4,N3,C2,URA4S
C4,N5,C6,3PH4SR
C4,N3,C2,URA24S
C4,N5,C6,3PH24S
C1,N2,C3,43HPY
C4,N5,C6,43PPY
C1,N2,C3,43HSPY
C4,N5,C6,43HSPP
C4,N3,C2,4O2SM
C4,N3,C2,2SMPYR
C4,C5,C6,NZAD
S1,N2,C3,NMSM
S1,N2,C3,NESM
C1,N2,S3,MESI
C2,C1,S,NACT
O,C,N,MICY
O1,C,O3,CO31
O1,C2,C3,GBL
O1,C2,C3,B2FO
O1,C2,C3,A2FO
C1,S2,C3,MT2A
S1,C2,N4,DH3T
C1,C2,C3,EEPI
N1,C2,N3,PYRH
N6,C1,C2,PIUM
C1,C2,C3,PYO2B
N1,C2,C3,PYO3B
C1,N2,C3,PIUB
C1,C2,C3,PYO2F
N1,C2,C3,PYO3F
C1,N2,C3,PIUF
N1,C2,N3,PYRF
C6,N1,C2,BTMC
C4,N9,C8,BM6A
C6,N1,C7,DMAN
O1,C1,C3,OXTN
C1,C2,N4,CBHH
C6,C1,C2,CHLB
CG,CD1,CE1,PCLT
C1,C2,C4,PMHA
C6,C1,C2,12DCB
C6,C1,C2,13DCB
C6,C1,C2,14DCB
C6,C1,C2,123TCB
C6,C1,C2,124TCB
C6,C1,C2,135TCB
C6,C1,C2,BROB
C6,C1,C2,12DBB
C6,C1,C2,13DBB
C6,C1,C2,14DBB
C6,C1,C2,123TBB
C6,C1,C2,124TBB
C6,C1,C2,135TBB
C6,C1,C2,IODB
C6,C1,C2,12DIB
C6,C1,C2,13DIB
C6,C1,C2,14DIB
C6,C1,C2,123TIB
C6,C1,C2,124TIB
C6,C1,C2,135TIB
C1,N,C2,TSPD
C1,N1,C2,WEI1
C1,N1,C2,WEI2
C1,C3,C4,MSCH
C1,C3,C4,WEI3
C1,C2,N1,PIPA
C1,C2,N,2PTZ
C1,C2,C3,INCA
C1,C2,C3,TICA
C4',O4',C1',GTPG
C4',O4',C1',GTGN
C4',O4',C1',GTSS
C4',O4',C1',GTNS
HN4,N,C1,NC2
C2,N,C1,NC3
N5,C1,N2,TEAZ
N5,C1,N2,MTEA
C7,C1,N2,ETEA
C2,O1,C1,2OXT
C2,C3,C1,3OXT
C1,C2,C3,BUTY
C1,C2,C3,PNTY
C1,C2,C3,HXYN
C1,C2,C3,HPTY
C1,C2,C3,OCTY
C1,C2,C3,BEYN
C4,N9,C8,PRF
C6,N1,C2,B2SU
C6,N1,C2,B4SU
C6,N1,C2,B52U
C6,N1,C2,BH2U
C6,N1,C2,BMDU
C6,N1,C2,B5HU
C6,N1,C2,BMOU
C6,N1,C2,B3MU
C6,N1,C2,BCYU
C6,C5,C4,BPSU
C6,C5,C4,B1MP
C6,C5,C4,B3MP
C6,N1,C2,BSAU
C6,N1,C2,B5AU
C6,N1,C2,BU8U
C6,N1,C2,BSEU
C6,N1,C2,B5DU
C6,N1,C2,BSCU
C6,N1,C2,BIAU
C6,N1,C2,BISU
C6,N1,C2,B5CU
C6,N1,C2,BOCU
C6,N1,C2,B70U
C6,N1,C2,BBCU
C6,N1,C2,BHCU
C6,N1,C2,BCMU
C6,N1,C2,BOAU
C6,N1,C2,BOEU
C6,N1,C2,B3AU
C6,C5,C4,B13P
C6,N1,C2,B5TU
C6,N1,C2,BSTU
C6,N1,C2,BGAU
C6,N1,C2,BGCU
C6,N1,C2,B2SC
C6,N1,C2,B5MC
C6,N1,C2,BHMC
C6,N1,C2,B5FC
C6,N1,C2,B4MC
C6,N1,C2,B4AC
C6,N1,C2,B3MC
C6,N1,C2,B1PC
C6,N1,C2,B3PC
C4,N9,C8,B6MA
C4,N9,C8,B2MA
C4,N9,C8,B8MA
C4,N9,C8,BINO
C4,N9,C8,B1MI
C4,N9,C8,BSMA
C4,N9,C8,B6AA
C4,N9,C8,B1MA
C4,N9,C8,B6IA
C4,N9,C8,BHIA
C4,N9,C8,BMIA
C4,N9,C8,BSIA
C4,N9,C8,BHNA
C4,N9,C8,B26A
C4,N9,C8,B66A
C4,N9,C8,BT6A
C4,N9,C8,B12A
C4,N9,C8,B6GA
C4,N9,C8,B1MG
C4,N9,C8,B2MG
C4,N9,C8,B7MG
C4,N9,C8,B27G
C4,N9,C8,BDCG
C8,N9,C4,BRCG
C4,N9,C8,BDAG
C4,N9,C8,BQUG
C4,N9,C8,BEQG
C4,N9,C8,BDWG
C4,N9,C8,BIMG
C4,N9,C8,BIWG
C4,N9,C8,BMWG
C4,N9,C8,BYYG
C4,N9,C8,BHWG
C4,N9,C8,BPBG
C4,N9,C8,BBUG
C4,N9,C8,AMPU
C7,C5,C6,7MIP
C4,N9,C8,2MSA
H71,C7,N8,NMBA
C4,N9,C8,M6PA
C6,N1,C2,BEPA
H13,C1,C2,ABOH
H51,C5,O6,MOAC
C6,C1,C2,BZMA
H12,C1,C2,RBRB
C6,N1,C2,5FOP
H51,C5,N6,PENM
C6,N1,C2,PESU
C6,C1,C2,BZAM
C6,C1,C2,CMBZ
H101,C10,C11,HMBT
C4,C5,C6,HPIZ
H12,C1,C2,PEPR
C4,N9,C8,PNPA
C6,N1,C2,PRNC
H11,C1,N2,CONA
C6,C1,C2,BZHA
H53,C5,O7,MOAT
H53,C5,O7,MOAE
C6,C1,C2,MPYU
H51,C5,C7,HPAT
C6,C1,C2,BZAC
C6,N1,C2,3PRU
C6,C1,C2,PMMU
C4,N9,C8,CENA
C6,C1,C2,BZAA
H13,C1,N1,12MU
C5,C1,C2,PPOX
H51,C5,C7,HPME
C6,C1,C2,OEBZ
C6,C1,C2,ATBZ
C6,N1,C2,PYMU
C6,C1,C2,ACBZ
C6,C1,C2,AMBZ
H13,C1,N2,NMGN
C6,C1,C2,BZHE
H63,N6,C1,CPEA
C6,C1,C2,CYBZ
C6,N1,C2,NMCY
H72,C7,N8,MAES
C5,C1,N6,PONM
H13,C1,N1,MMMU
H61,N6,C1,CPOA
H73,C7,N8,NMGI
H12,C1,C2,15HE
C4,N9,C8,IDAM
C6,C1,C2,MEBZ
H43,C4,C5,AMBA
C6,C1,C2,DMPU
H11,C1,N,MMAM
H71,C7,C8,ALAI
H11,C1,O2,MHPO
C4,N9,C8,7DNG
C6,N1,C2,NCYP
H1,N1,C2,PNCP
C6,N1,C2,C34H
C6,N1,C2,2MSU
C6,N1,C2,BK2C
C6,N1,C2,BR2C
C6,C5,C4,MDMP
C4,N9,C8,BM2G
C4,N9,C8,BN2G
C10,N1,C2,FLMO
C10,N1,C2,FLMR
C10,N1,C2,FLVO
C10,N1,C2,FLVR
C10,N1,C2,RFVO
C10,N1,C2,RFVR
C10,N1,C2,FMNO
C10,N1,C2,FMNR
C10,N1,C2,FAD
C10,N1,C2,FADR
C1,N1,C12,ABMB
C1,N1,C12,ABEB
C1,N1,C12,ABBM
C1,N1,C12,ABNB
O,C12,N1,ABSB
C1,B1,O1,BORO
HO2,O2,B1,BORN
H11,C1,B1,BONN
C2,C1,B1,BORE
C2,C1,B1,BONE
C2,C1,B1,BNNE
HO1,O1,B1,BORB
O1,B1,C1,BONB
O1,B1,C1,BNNB
C1,C2,C3,BICB
C6,C1,C2,BINB
N9,C10,C13,ASBB
HB3,CB,CG,SM001
HA3,CA,CB,SM002
HA,CA,CB,SM003
HD2,CD,NX,SM004
HB3,CB,CG,SM005
HA3,CA,CB,SM006
HB3,CB,CG,SM007
HB3,CB,CG,SM008
HB3,CB,CG,SM009
HB3,CB,CG,SM010
HB3,CB,CG,SM011
HB3,CB,CG,SM012
HB3,CB,CG,SM013
HB3,CB,CG,SM015
HK1,CK,CM,SM016
HB3,CB,CG,SM017
HB3,CB,CG,SM018
HA3,CA,CB,SM019
HD3,CD,CE,SM020
HB3,CB,CG,SM021
HA3,CA,CB,SM022
HB3,CB,CG,SM024
HB3,CB,CG,SM025
HB3,CB,SG,SM026
HA3,CA,CB,SM027
HA3,CA,CB,SM028
HD3,CD,CE,SM029
HB3,CB,CG,SM030
HA3,CA,CB,SM031
HA3,CA,CB,SM033
HA1,CA1,C1,SM034
HA3,CA,CB,SM036
HB3,CB,SG,SM037
HA3,CA,CB,SM038
HB3,CB,CG,SM039
HA3,CA,CB,SM040
HA3,CA,C1,SM041
HB3,CB,CG,SM042
HB3,CB,SG,SM043
HA3,CA,CB,SM044
HA3,CA,CB,SM045
HA3,CA,CB,SM046
HB3,CB,CG,SM047
HA3,CA,CB,SM048
HA3,CA,CB,SM049
H9,C9,C8,SM050
HB3,CB,SG,SM051
HA3,CA,CB,SM052
HA3,CA,CB,SM053
HA3,CA,CB,SM054
HA3,CA,CB,SM055
HA3,CA,CB,SM057
HA3,CA,CB,SM058
H141,C14,C10,SM059
HA3,CA,CB,SM060
HB,CB1,CA1,SM061
HA3,CA,CB,SM062
HA3,CA,CB,SM063
HA3,CA,CB,SM064
HB3,CB,CG,SM065
ND1,CE1,NE2,SM066
HA3,CA,CB,SM067
HAU3,CAU,CBW,SM068
HA3,CA,CB,SM069
HA,CA1,C1,SM072
HB3,CB,CG,SM073
HB3,CB,CG,SM074
HA3,CA,CB,SM075
HG3,CG,CD,SM077
HA3,CA,CB,SM079
HB3,CB,CG,SM080
HB3,CB,CG,SM081
HA3,CA,CB,SM082
HA3,CA,CB,SM083
H53,C5,N2,SM084
H51,C5,N2,SM085
HB3,CB,CG,SM086
HB3,CB,CG,SM087
HB3,CB,CG,SM088
HA1,CA,CB,SM089
HA3,CA,CB,SM090
HA3,CA,CB,SM091
HB3,CB,CG,SM092
HB1,CB,S,SM093
HA3,CA,CB,SM094
HZ1,CZ,CT,SM096
HA3,CA,CB,SM097
HD3,CD,CE,SM098
HA3,CA,CB,SM099
HA3,CA,CB,SM100
HA3,CA,CB,SM101
HE3,CE,NZ,SM102
HA3,CA,CB,SM103
H53,C5,C6,SM104
HA3,CA,CB,SM105
HB3,CB,CG,SM106
HB3,CB,CG,SM107
HE3,CE,NZ,SM108
HA3,CA,CB,SM109
HA3,CA,CB,SM110
HE3,CE,NZ,SM111
HA3,CA,CB,SM112
HA3,CA,CB,SM113
HD3,CD,CE,SM116
HA3,CA,CB,SM117
HA1,CA,C1,SM118
HB3,CB,CG,SM121
HA3,CA,CB,SM122
HA3,CA,CB,SM123
HA3,CA,CB,SM124
HA3,CA,CB,SM125
HB3,CB,CG,SM126
HL1,CL,CLP,SM127
HC1,C1,N3,SM128
HA3,CA,CB,SM129
HA3,CA,CB,SM130
HA3,CA,CB,SM131
HB3,CB,CG,SM132
HB3,CB,CG,SM133
HA3,CA,CB,SM134
HA3,CA,CB,SM135
OAE,CAD,CAC,SM137
HA3,CA,CG,SM139
HA3,CA,CB,SM141
HA3,CA,CB,SM142
HA3,CA,CB,SM143
HA3,CA,CB,SM144
HB3,CB,CG,SM145
HE3,CE,C3,SM146
HB1,CB,SG,SM147
HA3,CA,CB,SM148
HA3,CA,CB,SM149
HA3,CA,CB,SM150
HB1,CB,OG,SM151
HA3,CA,CB,SM152
HB3,CB,CG,SM153
HB3,CB,OG,SM156
HB3,CB,OG,SM157
HB3,CB,OG,SM158
HB3,CB,NG,SM159
HB1,CA,CB,SM160
HA1,CA,CB,SM161
HA1,CA,CB,SM162
HB3,CB,CG,SM163
HB3,CB,CG,SM164
HB3,CB,CG,SM165
HB3,CB,CG,SM166
HA1,CA,CB,SM167
HA1,CA,CB,SM168
HD3,CD,NE,SM169
HB3,CB,CG,SM170
HA3,CA,CB,SM171
HA3,CA,CB,SM172
HA3,CA,CB,SM173
HA3,CA,CB,SM174
HB3,CB,CG,SM175
HA3,CA,CB,SM176
HA3,CA,CB,SM177
HA3,CA,CB,SM178
HB3,CB,CG,SM179
HB3,CB,CG,SM180
HB3,CB,CG,SM181
HA3,CA,CB,SM182
HB3,CB,CG,SM183
HA3,CA,CB,SM184
HB3,CB,SG,SM185
HB3,CB,CG,SM186
HB1,CB,SG,SM187
CE3,CD2,CE2,SM188
HD3,CD,NE,SM189
HA3,CA,CB,SM193
H,CE,NZ,SM194
HB3,CB,CG,SM196
HA3,CA,CB,SM197
HA3,CA,CB,SM198
HA3,CA,CB,SM199
HA3,CA,CB,SM200
HA3,CA,CB,SM201
HA3,CA,CB,SM202
HA3,CA,CB,SM203
HB3,CB,CG,SM204
HA3,CA,CB,SM205
HA3,CA,CB,SM207
HA3,CA,CB,SM208
HA3,CA,CB,SM211
HA3,CA,CB,SM212
HL1,CL,CLP,SM213
HCB,C1,C2,SM214
H1,C1,N3,SM215
N2,C1,N3,SM216
HA3,CA,CB,SM217
H1AL,C1AL,C11,SM218
HA22,CA2,CB2,SM219
H14,C14,N13,SM220
HB1,CB,SG,SM221
HNN1,N1AL,C1AL,SM224
HA3,CA,CB,SM225
HL1,CL,CLP,SM227
HA1,CA1,C1,SM233
HA,CA,CB,SM234
H11,C1AL,C11,SM237
H11,C1AL,C11,SM238
H11,C1AL,C11,SM239
H11,C1AL,C11,SM240
H11,C1AL,C11,SM241
HL1,CL,CLP,SM242
